"Pass []","re(Mode(1)) [g]"
1,6.7230498938758
2,6.80317264537359
3,6.82812257980567
4,6.84798051012652
5,6.85344831757905
6,6.8568627011287
7,
8,
9,
10,
11,
12,
13,
14,
15,
16,
17,
18,
19,
20,
21,
22,
23,
24,
25,
26,
27,
28,
29,
30,
31,
32,
33,
34,
35,
36,
37,
38,
39,
40,
41,
42,
43,
44,
45,
46,
47,
48,
49,
50,
